,word,SubredditSimulator,SubSimulatorGPT2
0,quickly,119,100
1,in the world,174,405
2,he would,100,480
3,but don,317,1298
4,needs,205,337
5,upload,21,300
6,fan of,31,297
7,let,681,1563
8,later,375,564
9,all of,493,746
10,realized,155,356
11,things,988,2304
12,know,3256,10286
13,is this,276,425
14,an,3543,6128
15,she didn,41,308
16,was like,54,416
17,about,4522,12923
18,wouldn,249,438
19,well,860,1851
20,dr,128,1129
21,thread,140,315
22,facebook,169,240
23,didn want,100,486
24,deep,115,247
25,this morning,126,95
26,wondering,361,768
27,feel,1470,5294
28,parts,162,170
29,send,134,238
30,like,4453,11463
31,and had,159,817
32,but,7842,22120
33,it is not,61,325
34,happening,119,317
35,the only thing,70,258
36,team,243,392
37,end of the,156,285
38,that you,460,932
39,to hear,130,434
40,their,1675,2804
41,there for,47,295
42,insurance,112,83
43,take the,127,237
44,the reason,93,261
45,whether,175,321
46,see if,146,300
47,then the,76,276
48,and how,278,816
49,amp,487,991
50,on top,123,226
51,many,653,1342
52,in the past,117,275
53,do anything,95,456
54,pregnant,40,275
55,sat,80,296
56,and could,51,303
57,would you,259,370
58,ysk,239,0
59,the universe,84,456
60,zen,209,28
61,real,414,1137
62,imgur com,208,206
63,points,137,66
64,that was,295,1621
65,near,150,243
66,voice,92,433
67,give,719,1249
68,only one,130,392
69,but that,114,346
70,and didn,111,317
71,soon,247,318
72,that am,102,377
73,takes,213,228
74,player,163,271
75,going to have,49,252
76,that not,88,505
77,longer,203,188
78,this is,1472,3100
79,one of,948,1648
80,come,702,1374
81,you think,310,936
82,back and,109,355
83,murder,48,395
84,of being,106,543
85,that had,116,426
86,of our,156,348
87,hard to,157,379
88,felt like,79,489
89,the car,146,479
90,bathroom,169,552
91,videos,131,214
92,low,198,156
93,united,168,388
94,thanks,237,974
95,10,564,763
96,that she was,32,277
97,but think,104,397
98,state,341,664
99,call,487,1289
100,to sleep,86,258
101,not,5395,18461
102,me to,651,1430
103,using,472,738
104,born,117,326
105,sure,897,3971
106,thank you,148,364
107,cause,159,205
108,pull,120,125
109,certain,156,287
110,recently,374,632
111,bottom,137,113
112,my new,134,130
113,motherboard,113,25
114,used to,358,704
115,world,861,2074
116,thoughts,176,560
117,known,175,507
118,problem,435,1135
119,half,336,397
120,cat,440,348
121,completely,206,379
122,www reddit com,210,387
123,what do you,248,756
124,ve had,115,556
125,spent,130,176
126,weeks,368,625
127,apartment,156,459
128,report,117,226
129,big,493,1732
130,can find,188,322
131,she said,96,1025
132,experience,308,1025
133,need help,108,150
134,four,123,162
135,was in,238,1770
136,was so,96,1409
137,wikipedia org,25,585
138,https www reddit,171,292
139,if you,1317,2322
140,totally,106,89
141,hour,200,244
142,matter,239,382
143,you should,117,224
144,it,16653,40710
145,much,1389,3002
146,robot,109,134
147,leaving,115,226
148,follow,116,163
149,now and,181,476
150,charge,115,175
151,or the,84,282
152,of,24495,45520
153,and have been,90,378
154,want to get,89,295
155,find out,145,238
156,exactly,196,290
157,to change,143,258
158,other,1871,3749
159,aware of,70,310
160,but when,98,254
161,wikipedia commons,3,271
162,side of,203,286
163,article,129,198
164,any advice,75,373
165,who is,205,777
166,for my,421,574
167,work and,87,273
168,early,233,365
169,best friend,90,479
170,just,4612,13610
171,don want to,320,1793
172,to help,309,842
173,bitch,51,284
174,end,697,1164
175,if anyone,138,364
176,trying,1094,2688
177,spot,115,126
178,the last,438,981
179,hospital,101,314
180,so we,138,466
181,back in,153,303
182,twice,103,126
183,south,109,151
184,several,135,294
185,how to get,86,254
186,to try,216,443
187,on their,112,76
188,had an,66,271
189,that they,285,991
190,explain,201,604
191,year old,349,451
192,literally,140,92
193,movies,113,567
194,my friends,219,975
195,org wikipedia commons,3,271
196,local,214,278
197,on my,773,1538
198,mr,137,238
199,following,107,228
200,clean,124,209
201,few months,107,330
202,already,318,694
203,built,153,167
204,choose,105,120
205,couple of,188,553
206,free,423,548
207,whenever,118,77
208,told me that,55,358
209,had sex,54,298
210,to them,99,278
211,short,245,537
212,course,190,255
213,site,145,169
214,before the,110,156
215,and asked,73,266
216,hole,145,190
217,that are,141,421
218,hmb,215,0
219,where,1411,2895
220,me and,486,1744
221,because,2105,5032
222,was just,211,1054
223,night,631,1563
224,guy,879,2230
225,you know,271,548
226,you could,124,275
227,system,262,498
228,the film,31,557
229,at the time,101,326
230,it can,111,225
231,as an,111,135
232,expect,109,240
233,opened,93,273
234,gone,161,469
235,in order,160,274
236,it with,115,335
237,him and,184,641
238,rather,185,358
239,my dog,168,109
240,to deal,81,269
241,is really,67,299
242,to move,142,370
243,2015,103,113
244,about how,180,577
245,guys think,61,255
246,dream,137,1480
247,happened to,116,286
248,this game,104,72
249,piece,162,305
250,pictures,131,218
251,and really,66,285
252,how he,45,453
253,watched,99,489
254,to explain,83,308
255,learning,73,335
256,in college,47,286
257,avengers,49,267
258,the united,121,297
259,didn have,82,263
260,we had,124,653
261,bad,599,1745
262,the internet,134,576
263,ball,122,64
264,people in,119,319
265,fear,105,197
266,history,270,665
267,brought,131,183
268,looks like,278,120
269,amount of,236,355
270,fine,235,406
271,weight,214,271
272,see the,179,634
273,taken,221,383
274,can you,158,217
275,class,246,545
276,cock,19,806
277,together,272,1316
278,uk,168,337
279,reading,218,751
280,bunch,142,375
281,about it and,68,263
282,pick,173,327
283,karma,289,38
284,as well,287,616
285,my room,76,584
286,job,628,1317
287,in our,131,293
288,one that,62,330
289,be able to,388,1221
290,told him,75,531
291,batman,74,298
292,something,1305,2493
293,everything,416,989
294,know how,335,1210
295,move,329,777
296,question,575,1071
297,can get,253,591
298,given,200,387
299,wikipedia org wiki,25,585
300,boy,177,406
301,and started,61,624
302,talk to,190,799
303,to think,133,371
304,think this,74,283
305,has the,125,230
306,top of,193,316
307,information,206,420
308,of an,172,286
309,truth,104,307
310,see it,75,327
311,of course,127,139
312,borg,2,574
313,www reddit,210,390
314,to be in,88,353
315,at work,132,157
316,at this,198,374
317,sit,132,220
318,how the,128,333
319,story,433,1235
320,say,1015,2516
321,in relationship,38,656
322,stupid,136,382
323,program,131,176
324,ready,196,687
325,talk about,175,473
326,was,8181,34774
327,few,1203,2797
328,store,371,380
329,to kill,109,461
330,again and,74,336
331,be able,388,1225
332,around and,66,250
333,not being,60,283
334,another,574,1040
335,it is,973,2479
336,money,560,1258
337,about this,220,722
338,look like,151,135
339,til that,152,222
340,gun,127,312
341,to let,90,254
342,of reddit,163,141
343,news,254,383
344,depressed,44,251
345,horny,33,328
346,band,106,183
347,how many,139,266
348,do to,131,244
349,but was,105,504
350,answer,243,528
351,songs,105,213
352,it the,205,708
353,for me,385,1150
354,once,422,431
355,sun,139,81
356,it doesn,132,208
357,to play,244,506
358,user,125,538
359,even if,133,159
360,the song,102,278
361,the back,168,296
362,between,417,663
363,both,491,1437
364,found this,155,122
365,so was,79,374
366,long time,146,437
367,for few,164,380
368,third,117,188
369,had to,445,1425
370,on it,204,364
371,were in,49,292
372,the fact,194,500
373,smoke,87,272
374,know the,147,363
375,woke,99,439
376,we can,182,546
377,is still,114,298
378,away,577,1117
379,it so,132,541
380,some,2591,4913
381,attack,117,148
382,what did,106,167
383,for this,216,371
384,each other,222,712
385,stay,214,593
386,worst,181,360
387,you need,151,192
388,in their,155,247
389,turn,346,392
390,they re,299,1179
391,sure how,60,416
392,beautiful,148,473
393,and we,332,1887
394,never,1100,4320
395,meme,210,89
396,seeing,218,575
397,do we,116,213
398,with you,90,330
399,not sure how,48,352
400,the future,130,584
401,if it,385,909
402,what does,86,341
403,box,204,324
404,for the past,70,291
405,of his,258,600
406,25,111,164
407,tomorrow,114,174
408,the phone,86,274
409,don even,70,275
410,issue,221,304
411,may be,141,173
412,like was,28,308
413,how to,892,2344
414,full,362,485
415,excited,119,457
416,scared,100,926
417,out,4450,7385
418,seems,594,591
419,was also,34,269
420,went back,43,289
421,12,148,221
422,you want,277,469
423,joke,148,332
424,that has,134,314
425,college,319,897
426,fix,184,266
427,just got,115,182
428,don think,155,1109
429,where you,125,192
430,he was,513,2616
431,customer,173,139
432,alone,172,712
433,thing that,83,336
434,the end,365,643
435,usa,117,96
436,actually,600,1028
437,research,118,208
438,to him,118,469
439,and the,1305,3576
440,york,105,288
441,degree,114,87
442,driver,131,154
443,talking,420,1424
444,games,453,548
445,gpu,107,8
446,entire,210,470
447,her pussy,2,303
448,came in,40,259
449,project,112,257
450,of their,203,312
451,this and,157,340
452,en wikipedia,24,583
453,date,245,574
454,to her,207,1076
455,sanders,147,37
456,death,255,781
457,mind,411,1112
458,the original,96,253
459,vx,13,397
460,the second,140,298
461,play,552,993
462,not in,63,305
463,but don want,60,279
464,going to be,181,990
465,version,146,178
466,of us,142,276
467,gf,122,242
468,and there,152,445
469,and would,143,428
470,minutes,367,504
471,out of my,105,231
472,needed,212,469
473,during the,223,206
474,it like,83,357
475,round,243,572
476,cold,140,263
477,thinking about,149,575
478,of this,520,836
479,be good,92,560
480,planet,113,187
481,who has,103,440
482,bought,247,427
483,better,646,1419
484,afraid,102,631
485,know that,252,1178
486,the company,73,261
487,figure,251,460
488,but can,214,682
489,he has,174,535
490,always been,42,533
491,commons,4,271
492,possibly,106,142
493,wear,211,292
494,recent,123,166
495,which is,213,479
496,and if,192,369
497,looked,247,1280
498,hey,233,559
499,dogs,202,119
500,figure out,160,279
501,wiki,70,670
502,the best way,75,323
503,ever,820,2000
504,there,3231,7345
505,but she,119,624
506,green,127,130
507,to live,116,404
508,want to be,196,1391
509,what would,205,356
510,care,276,884
511,happen,269,599
512,kept,127,608
513,no,2260,4689
514,and why,180,226
515,ways,124,241
516,you,11836,21777
517,decided,425,730
518,finally,370,447
519,because they,139,339
520,it be,150,230
521,went to,256,776
522,so it,138,314
523,price,172,222
524,got,1562,3472
525,it just,273,831
526,so,5579,16226
527,to talk,211,800
528,board,114,105
529,they can,156,245
530,people,2463,6115
531,share,205,430
532,to fix,125,149
533,that she,245,1367
534,him but,41,320
535,boss,127,423
536,community,170,287
537,the first time,284,665
538,business,178,359
539,on how to,117,164
540,moving,169,425
541,chance,167,388
542,to my,571,1455
543,hot,202,402
544,drink,159,260
545,think it,246,1075
546,at the end,151,220
547,he said,94,732
548,how do,512,905
549,tell me,224,403
550,https twitter com,29,268
551,continue,127,182
552,you have to,164,248
553,stand,134,231
554,and started to,12,265
555,with the,1194,2383
556,heard,366,1555
557,tl dr,75,1022
558,enough,490,752
559,the money,84,301
560,it up,183,267
561,but feel,75,255
562,of me,194,620
563,data,112,305
564,are some,141,363
565,in this,327,733
566,card,415,255
567,true,221,549
568,instead,354,203
569,her to,161,751
570,go,1982,4412
571,at the,1534,2323
572,no one,196,434
573,normal,204,534
574,wikimedia org wikipedia,4,273
575,best,1101,2756
576,like it,220,591
577,on and,107,392
578,him he,39,404
579,love to,131,328
580,what can,107,194
581,at this point,115,226
582,in one,108,135
583,with her,208,1553
584,tell my,24,257
585,but am,122,356
586,subreddit,230,469
587,gold,136,90
588,ll be,140,878
589,someone who,117,373
590,to go to,174,594
591,twitter,183,482
592,away from,144,233
593,for while,153,594
594,difficult,111,277
595,next to,164,212
596,the idea,104,445
597,plz,181,23
598,to look,161,352
599,not to,234,302
600,good at,44,371
601,psbattle,217,3
602,wake,140,182
603,coffee,104,292
604,under,282,357
605,day,1650,2437
606,way to,634,1231
607,interested in,131,653
608,federation,10,802
609,they don,118,277
610,what should,102,306
611,at her,54,265
612,style,120,171
613,wish,177,215
614,very good,34,291
615,to an,108,111
616,we are,295,1301
617,apparently,111,41
618,and am,275,707
619,homemade,141,142
620,films,19,269
621,saying that,59,352
622,works,204,319
623,the right,269,596
624,someone,1066,2109
625,get out,116,246
626,the dream,13,281
627,amazing,128,399
628,out that,100,268
629,since,803,1454
630,wikipedia,63,934
631,don know how,133,766
632,was very,63,749
633,talked,103,398
634,just want to,120,624
635,saw the,47,260
636,instead of,229,127
637,and want,168,359
638,leave,310,773
639,cool,194,296
640,for about,132,531
641,take it,69,291
642,be happy,47,339
643,might,520,755
644,that it,444,1515
645,the day,254,486
646,tree,165,185
647,which,1177,2143
648,noticed,210,497
649,monitor,159,243
650,but then,93,278
651,what are,324,886
652,worth,215,298
653,its,682,899
654,fact,293,716
655,off the,199,256
656,sad,100,438
657,perfect,173,334
658,country,270,537
659,was wondering,134,237
660,next,732,1428
661,of your,293,378
662,standing,101,287
663,sister,176,851
664,but also,90,344
665,we don,95,274
666,you will,167,354
667,the name,142,197
668,you need to,107,138
669,was really,58,710
670,tells,202,282
671,don know if,115,717
672,feel like,464,2265
673,killed,145,397
674,have had,104,339
675,to buy,226,348
676,give me,159,231
677,believe,365,2075
678,and she was,19,507
679,second,358,573
680,didn know,95,435
681,that he,370,1293
682,this girl,87,347
683,my mom,218,888
684,years old,106,189
685,account,233,361
686,energy,196,132
687,up for,136,179
688,would have,239,640
689,and has,113,324
690,most of,230,298
691,and see,110,304
692,as it,160,254
693,pcpartpicker com,155,4
694,go to the,109,427
695,know if,312,1092
696,glad,51,279
697,by the,506,1078
698,in the,5363,11516
699,online,225,290
700,ve,2248,9201
701,because she,86,302
702,father,196,569
703,suit,104,221
704,upload wikimedia,4,273
705,how,4368,8977
706,out to,194,288
707,beginning,106,247
708,buy,441,669
709,my father,64,299
710,stopped,122,263
711,university,125,225
712,wars,122,223
713,ground,127,185
714,if she,128,516
715,thought,778,1855
716,not sure,358,2112
717,100,237,239
718,thanks for,91,280
719,smile,68,259
720,been together,12,263
721,random,153,222
722,the new,327,729
723,with his,126,282
724,what do,382,1018
725,talk,481,1756
726,like the,275,769
727,it to,449,771
728,dad,462,828
729,the borg,2,526
730,is one,121,310
731,sounds,109,224
732,for the first,258,337
733,thank,208,414
734,they would,81,286
735,know it,126,460
736,https twitter,29,268
737,see,1662,4521
738,wondering if,205,460
739,all the,774,1169
740,left,531,1130
741,to be good,21,329
742,each,498,955
743,what is,696,1325
744,spend,184,361
745,about to,168,395
746,but my,112,348
747,hair,160,384
748,that my,142,520
749,with him,134,787
750,can see,150,336
751,about what,112,356
752,over the,338,464
753,with someone,60,311
754,source,126,486
755,means,205,487
756,and what,260,384
757,and know,88,353
758,kids,292,431
759,that ve,58,269
760,america,174,251
761,to see,649,1646
762,list,184,258
763,cover,129,115
764,daughter,137,272
765,this sub,116,345
766,nothing,448,819
767,pretty sure,65,254
768,is there,387,536
769,food,331,497
770,so much,248,787
771,who was,119,591
772,ass,109,416
773,truck,126,99
774,party,234,636
775,so that,165,275
776,one,3666,6686
777,picture of,212,290
778,it really,94,309
779,eye,165,129
780,ex,180,693
781,ago,833,1013
782,was on,120,562
783,shot,182,248
784,https upload,4,273
785,it in,295,599
786,based on,112,246
787,first,1938,3976
788,hear,354,1000
789,catch,131,130
790,test,157,194
791,can,5350,10817
792,to find,519,958
793,of it,315,1103
794,went to the,62,302
795,white,393,846
796,people are,102,323
797,was about,70,459
798,want to,1844,6492
799,the whole,185,481
800,large,176,408
801,my cock,3,479
802,sub,239,634
803,of them,311,658
804,me the,142,283
805,are there,137,158
806,the rest,184,361
807,makes,454,732
808,they were,250,1080
809,tomt,239,314
810,parents,304,959
811,how long,122,137
812,ready to,88,378
813,seconds,124,107
814,30,251,338
815,18,131,264
816,around,907,1964
817,relationship,317,2016
818,book,259,622
819,and want to,132,291
820,view,161,258
821,supposed to,175,471
822,someone else,66,258
823,to your,121,125
824,want,2483,7937
825,with them,112,381
826,missing,144,331
827,too much,165,274
828,is on,112,111
829,math,42,335
830,me it,69,279
831,fall,155,192
832,problems,145,370
833,note,121,104
834,point,577,1079
835,take,1258,2511
836,to work,334,607
837,drugs,114,310
838,en wikipedia org,24,583
839,or anything,90,292
840,he came,25,282
841,her and,176,998
842,does not,149,288
843,simple,130,357
844,my,14394,33953
845,table,147,250
846,but if,117,258
847,type of,134,328
848,gt,394,1370
849,fire,171,248
850,option,120,160
851,how much,286,510
852,youtube com watch,74,333
853,still,1180,2997
854,gay,93,646
855,the main,96,296
856,opinion,111,415
857,face,358,918
858,them,2210,5039
859,he had,164,753
860,the fuck,71,303
861,looking,884,1943
862,enjoy,159,516
863,seen,433,1797
864,to eat,117,186
865,as to,128,175
866,know why,86,308
867,force,164,486
868,as well as,122,177
869,build,488,248
870,size,148,145
871,credit,248,159
872,if this is,136,389
873,good person,6,389
874,media,213,222
875,morning,342,420
876,bring,196,297
877,rest of,171,339
878,body,350,1327
879,she told,33,390
880,to the,2744,5692
881,red,251,322
882,look,889,1459
883,the bathroom,98,433
884,speak,115,257
885,can help,84,342
886,down the,130,277
887,help,1568,2849
888,would,3437,8453
889,rock,152,171
890,playing,344,656
891,mods,159,71
892,fight,266,508
893,so can,155,172
894,language,105,157
895,order to,154,259
896,tifu by,128,319
897,manager,134,285
898,what happened,139,458
899,and don know,82,408
900,all of the,153,176
901,wanted to,519,1590
902,oh,307,687
903,ideas,110,299
904,pulled,86,420
905,didn,1060,3393
906,tired,132,713
907,example,185,420
908,org wikipedia,4,273
909,drunk,89,327
910,help with,115,155
911,there was,308,742
912,original,167,360
913,realize,184,245
914,here is,110,149
915,that this,197,470
916,deal,326,816
917,know what,505,1868
918,brother,181,618
919,million,114,146
920,000,200,174
921,is very,111,722
922,trying to get,126,394
923,gym,242,269
924,internet,244,719
925,decided to,307,609
926,go back to,88,268
927,said that,108,500
928,to die,38,289
929,my car,110,271
930,org wiki,27,593
931,the one who,22,263
932,ve never been,29,268
933,issues,163,437
934,with this,251,559
935,ability,100,251
936,definitely,124,220
937,were,1469,5165
938,wet,56,359
939,is the,1403,3212
940,cheese,144,118
941,my sister,102,524
942,actual,136,113
943,bill,140,167
944,sometimes,250,376
945,ve never,125,1147
946,this guy,152,304
947,been trying,65,277
948,my boyfriend,112,574
949,change,460,681
950,single,244,573
951,know what to,104,807
952,en,40,754
953,for an,135,160
954,sick,119,403
955,sex with,116,499
956,lose,144,363
957,they are,484,1114
958,the fact that,158,466
959,not have,136,241
960,mostly,115,155
961,did it,123,167
962,and this,170,341
963,the road,107,131
964,seems to,248,257
965,she,2959,16305
966,on what,128,209
967,battle,129,205
968,coming,285,634
969,re not,74,560
970,at all,232,571
971,the us,206,779
972,movie,445,1477
973,hands,153,505
974,attracted to,46,308
975,don know,652,3444
976,had been,115,1000
977,amount,298,412
978,my best,136,495
979,training,106,150
980,would be,862,2171
981,drive,291,306
982,for me to,112,217
983,future,246,816
984,time and,201,533
985,anyone know,120,111
986,buying,131,213
987,do you think,184,662
988,in my life,98,324
989,may,560,702
990,room and,70,407
991,moon,158,186
992,http imgur com,129,172
993,of my,1191,2099
994,girlfriend,380,1804
995,he,4680,16688
996,so many,128,285
997,and they,315,1080
998,anything,848,2511
999,in order to,148,252
1000,looking at,129,443
1001,mrw,633,16
1002,daily,105,78
1003,donald,191,110
1004,beer,147,157
1005,the door,162,458
1006,did you,267,346
1007,serious,145,293
1008,into my,136,286
1009,years,1362,2728
1010,those,522,747
1011,door,338,849
1012,walking,193,664
1013,without,599,902
1014,to fuck,28,304
1015,the point,125,299
1016,love,750,2529
1017,found out,133,261
1018,and that,294,1927
1019,time to,294,497
1020,looked at,69,432
1021,as you,127,160
1022,the water,116,154
1023,telling,176,473
1024,field,112,182
1025,period,141,164
1026,every,891,1095
1027,everyone,514,825
1028,before and,70,268
1029,of all,199,406
1030,obviously,114,70
1031,to do with,169,267
1032,to see if,112,199
1033,am not,203,880
1034,questions,379,769
1035,above,107,137
1036,google,208,157
1037,straight,111,268
1038,for some,187,327
1039,cpu,115,14
1040,picture,425,553
1041,her that,43,374
1042,has,2751,5960
1043,own,600,1498
1044,to come,177,423
1045,sort of,172,325
1046,just want,159,712
1047,let me,203,356
1048,safe,134,192
1049,asks,193,270
1050,is an,203,442
1051,eventually,114,141
1052,why are,129,147
1053,have no,352,1182
1054,pokemon,175,172
1055,open,381,944
1056,do it,300,1154
1057,going to,1045,4975
1058,plug,55,256
1059,wikimedia org,4,273
1060,did not,167,415
1061,switch,128,76
1062,less,288,336
1063,to tell,199,877
1064,out of,1235,1703
1065,pussy,13,673
1066,broken,106,251
1067,of these,203,281
1068,video,816,878
1069,dominion,4,313
1070,group,254,732
1071,might be,188,295
1072,this was,229,482
1073,it it,63,394
1074,the other,567,1018
1075,heart,151,400
1076,favorite,257,630
1077,stuff,362,686
1078,time in,128,201
1079,it out,166,325
1080,she would,53,457
1081,on me,80,314
1082,lot of people,62,292
1083,you re not,38,270
1084,month,395,619
1085,could,1605,4324
1086,has to,137,200
1087,cannot,186,192
1088,few years,108,312
1089,difference,175,328
1090,be with,30,448
1091,family and,35,255
1092,basically,172,233
1093,easy,166,385
1094,gaming,302,129
1095,common,176,373
1096,least,383,416
1097,you guys,361,826
1098,who have,97,251
1099,stuck,186,318
1100,la,37,295
1101,on this,279,514
1102,title,209,250
1103,life and,92,345
1104,hello,128,294
1105,or if,97,382
1106,have never,101,431
1107,him that,47,269
1108,myself,616,1669
1109,have the,366,752
1110,it been,104,513
1111,show,541,1326
1112,support,204,396
1113,and he was,30,363
1114,pc,459,196
1115,yesterday,185,146
1116,though,417,562
1117,this is the,249,540
1118,front of,242,359
1119,pain,125,227
1120,said she,55,401
1121,and ve,138,667
1122,find it,104,269
1123,never had,66,603
1124,are not,167,566
1125,should do,87,297
1126,does the,119,182
1127,done,442,1264
1128,lot of,666,2705
1129,she was so,2,284
1130,star,235,405
1131,no longer,110,102
1132,you feel,150,242
1133,game,1203,1251
1134,you re,571,2068
1135,united states,126,334
1136,my eyes,34,290
1137,it could,117,207
1138,honest,53,287
1139,good,1669,5697
1140,handle,117,421
1141,she had,105,759
1142,been able,84,331
1143,why is,206,298
1144,bus,132,256
1145,and get,161,380
1146,election,105,83
1147,to it,132,244
1148,for your,119,188
1149,brain,130,285
1150,how does,145,172
1151,really good,34,255
1152,do,5279,11696
1153,think,2006,7568
1154,would like,254,393
1155,is good,97,277
1156,have been,715,2246
1157,to not,148,250
1158,to be with,24,316
1159,friend and,85,311
1160,how it,115,282
1161,is also,73,309
1162,tell her,49,456
1163,that we,255,1054
1164,20,279,346
1165,bed,275,891
1166,miss,64,250
1167,on,10466,17059
1168,about it,454,1628
1169,or is,187,128
1170,feelings,86,369
1171,but not sure,70,327
1172,fwd,246,0
1173,simulation,24,991
1174,what they,99,308
1175,we both,38,361
1176,image,239,165
1177,ended,127,329
1178,hotel,76,277
1179,to know,439,1010
1180,of you,261,290
1181,on the,2627,4193
1182,what was,222,520
1183,young,190,526
1184,moment,229,458
1185,liked,89,291
1186,makes me,106,180
1187,html,27,429
1188,com,1104,2368
1189,due,272,154
1190,if the,218,743
1191,master,144,155
1192,weekend,142,227
1193,youtube com,86,343
1194,me out,105,213
1195,girls,279,442
1196,for it,180,397
1197,your,3262,4789
1198,part,637,1076
1199,high,521,846
1200,all the time,112,192
1201,or something,131,281
1202,self,227,401
1203,person who,58,293
1204,on her,117,630
1205,rules,99,341
1206,years and,120,418
1207,problem with,58,261
1208,to do it,110,503
1209,living,258,943
1210,starting,202,377
1211,in his,207,460
1212,willing,100,316
1213,won,423,515
1214,and she,290,2747
1215,for not,47,313
1216,broke,136,308
1217,correct,104,106
1218,get my,132,290
1219,here,1222,2202
1220,ama,240,445
1221,florida man,241,23
1222,you ll,86,391
1223,asshole,48,379
1224,am the,46,270
1225,the word,71,441
1226,the police,75,337
1227,being,1235,4381
1228,people of,135,67
1229,with your,124,147
1230,go out,104,215
1231,but ve,84,476
1232,north,150,152
1233,https upload wikimedia,4,273
1234,saying,317,1099
1235,room,481,2177
1236,what the,427,1066
1237,running,245,638
1238,also,1205,3898
1239,that could,97,316
1240,general,165,321
1241,war,360,875
1242,and don,317,1330
1243,getting,855,2060
1244,turned on,38,387
1245,walked,112,741
1246,one of the,450,889
1247,sitting,197,574
1248,to take,489,1037
1249,inside,312,606
1250,to start,227,543
1251,link,192,274
1252,my hand,42,273
1253,shop,163,152
1254,on reddit,110,202
1255,wanting,104,276
1256,having sex,58,263
1257,in the us,79,254
1258,personal,128,301
1259,posted,227,201
1260,been trying to,55,268
1261,further,105,312
1262,or,4147,7803
1263,to use,347,581
1264,side of the,125,210
1265,wasn,332,957
1266,was getting,28,275
1267,aren,131,268
1268,the time,480,992
1269,knew,229,892
1270,your own,103,117
1271,current,193,319
1272,office,255,419
1273,one day,117,330
1274,to build,113,154
1275,no idea what,96,318
1276,told her,68,858
1277,twitter com,30,279
1278,is it,631,845
1279,get to,252,494
1280,end up,115,181
1281,in my room,32,400
1282,the federation,1,693
1283,based,195,355
1284,these,1009,1223
1285,until,466,648
1286,episode,84,608
1287,break,261,647
1288,with my,647,2294
1289,what is the,272,615
1290,blood,108,253
1291,school,636,1262
1292,lived,83,300
1293,was an,77,264
1294,up the,202,340
1295,but it,620,1761
1296,her but,54,383
1297,what if,83,318
1298,fucking,171,1544
1299,like to,562,1101
1300,to stop,197,664
1301,seems to be,125,113
1302,line,264,215
1303,read,379,810
1304,happy,383,1790
1305,ve always,56,523
1306,asked,565,1598
1307,week,653,855
1308,passed,107,126
1309,thinking,405,1244
1310,who,2334,7117
1311,stories,126,191
1312,then,1455,4825
1313,the simulation,6,312
1314,mine,156,260
1315,re going,61,261
1316,can be,404,733
1317,months,536,1202
1318,eyes,196,670
1319,else,523,1125
1320,day and,154,224
1321,due to,251,131
1322,the man,138,748
1323,level,218,231
1324,but didn,59,253
1325,com watch,74,333
1326,birthday,140,148
1327,the same time,117,223
1328,an hour,106,136
1329,different,512,1323
1330,my favorite,103,204
1331,okay,166,589
1332,some of,346,607
1333,of the most,117,332
1334,pay for,112,353
1335,windows,255,151
1336,to make,864,2143
1337,the bottom,110,91
1338,you don,278,611
1339,ve seen,121,538
1340,have lot of,42,373
1341,wearing,116,561
1342,be,7163,17656
1343,up to,489,496
1344,lives,131,321
1345,piece of,114,239
1346,books,111,325
1347,across,218,228
1348,just wanted to,88,266
1349,is not,452,1577
1350,my ex,69,457
1351,wants,330,683
1352,and can,313,659
1353,in front of,216,295
1354,anymore,179,625
1355,me for,150,301
1356,match,112,122
1357,if he,159,425
1358,am,2323,6958
1359,to say,297,928
1360,bank,107,128
1361,org cases,0,391
1362,attention,129,241
1363,it has,215,379
1364,comments,367,715
1365,don want,425,2079
1366,it for,223,396
1367,how did,206,288
1368,he told,42,301
1369,super,241,385
1370,thought it was,82,274
1371,as the,314,609
1372,photo,227,133
1373,dead,190,489
1374,whatever,146,294
1375,forward,110,241
1376,did,1615,2594
1377,men,292,602
1378,from the,1014,1747
1379,for you,202,383
1380,angry,82,355
1381,to talk to,97,485
1382,fun,283,819
1383,does this,86,310
1384,willing to,96,307
1385,you can,811,1418
1386,but just,121,602
1387,not the,229,842
1388,sign,168,324
1389,it seems,262,358
1390,that the,742,3080
1391,on your,140,139
1392,history of,68,292
1393,older,145,254
1394,partner,105,286
1395,allowed to,71,298
1396,case,430,843
1397,himself,156,251
1398,felt,292,1507
1399,yet,289,488
1400,50,147,198
1401,within,156,169
1402,what it,246,484
1403,in your,240,269
1404,created,103,268
1405,been,2654,10784
1406,sorry,223,804
1407,post,892,1215
1408,it will,229,470
1409,curious,174,479
1410,for being,50,254
1411,where the,121,371
1412,to feel,97,487
1413,want to know,109,339
1414,find the,119,229
1415,bar,201,394
1416,forget,111,90
1417,into,1823,3262
1418,man,1412,2756
1419,www,522,1918
1420,http,482,1537
1421,my best friend,53,349
1422,anyone else,119,290
1423,sleep,230,537
1424,bottle,104,126
1425,jedi,41,308
1426,upset,76,559
1427,what your,56,266
1428,hand,315,696
1429,remember,512,1365
1430,conversation,132,370
1431,worked,166,374
1432,what are the,79,268
1433,told me,240,1053
1434,search,109,128
1435,just don,91,511
1436,either,210,490
1437,the first,946,2072
1438,waiting,160,318
1439,while,1386,2028
1440,to,39607,84938
1441,but they,142,492
1442,when it,176,280
1443,how do you,208,348
1444,clear,153,274
1445,says,677,1226
1446,with no,145,220
1447,area,202,344
1448,gave,245,316
1449,bunch of,134,360
1450,advice,476,902
1451,people who,225,908
1452,some of the,165,350
1453,posts,171,252
1454,confused,93,465
1455,as much,142,214
1456,and so,88,263
1457,the same,1015,2639
1458,ask,561,1184
1459,police,280,660
1460,head,437,892
1461,posting,109,239
1462,https www,350,968
1463,me but,113,472
1464,to watch,98,295
1465,but don know,106,488
1466,seem,394,692
1467,ve ever,122,391
1468,who are,110,442
1469,my house,106,266
1470,my wife,250,723
1471,girl,779,2570
1472,window,155,261
1473,my mouth,27,361
1474,www youtube,83,339
1475,woke up,81,421
1476,and was,351,2274
1477,any of,219,461
1478,along,194,331
1479,park,236,205
1480,put,767,1362
1481,didn want to,80,407
1482,should,1525,3432
1483,and have,582,1590
1484,always,719,2786
1485,going on,199,462
1486,live in,173,399
1487,the,51381,110999
1488,president,239,311
1489,tell him,62,275
1490,had the,134,410
1491,mean,351,1206
1492,to keep,288,567
1493,the dominion,1,288
1494,turned,240,921
1495,alive,54,262
1496,check,273,303
1497,british,84,260
1498,played,138,245
1499,woman,482,1389
1500,beat,130,157
1501,talking about,206,625
1502,thought it,143,339
1503,http imgur,129,172
1504,have any,264,710
1505,the story,92,398
1506,contact,153,320
1507,imgur,230,209
1508,we re,216,1206
1509,similar,212,469
1510,players,196,175
1511,become,282,506
1512,get back,84,266
1513,front,484,646
1514,was going to,105,837
1515,https,736,2382
1516,her she,26,449
1517,the moon,111,157
1518,ice,160,129
1519,phone,474,1020
1520,http www,156,918
1521,christmas,125,82
1522,memes,105,43
1523,sure if this,42,261
1524,if we,147,547
1525,shouldn,104,192
1526,interested,177,763
1527,in front,229,304
1528,does anyone,181,231
1529,but he,153,717
1530,special,132,154
1531,dont,157,118
1532,hate,212,1058
1533,in the middle,184,434
1534,fan,165,482
1535,of people,240,823
1536,will not,114,320
1537,mouth,89,710
1538,the front,166,288
1539,are the,334,868
1540,of the,5686,10273
1541,will,2454,5362
1542,ran,107,403
1543,that it was,86,280
1544,was talking,33,252
1545,eli5,267,322
1546,end of,283,490
1547,clothes,85,298
1548,told,679,3569
1549,rest,234,409
1550,to learn,107,257
1551,tl,76,1022
1552,my brother,102,350
1553,and my,469,1429
1554,there and,69,353
1555,to meet,81,254
1556,on how,187,260
1557,baby,204,467
1558,not going,73,611
1559,out there,115,132
1560,is just,149,513
1561,my family,102,450
1562,strange,123,255
1563,my friend,326,1078
1564,to have,725,1715
1565,don really,112,431
1566,not even,64,316
1567,person and,36,278
1568,guys,760,1709
1569,the way,409,797
1570,wait,205,435
1571,themselves,112,245
1572,to cum,7,370
1573,wanted,711,2032
1574,maybe,374,639
1575,the past,276,713
1576,name of,106,147
1577,is the most,78,255
1578,my parents,169,637
1579,law,162,293
1580,the real,82,273
1581,little,921,2304
1582,do you,1050,1900
1583,was in the,70,604
1584,the idea of,57,263
1585,tried to,315,941
1586,children,175,315
1587,been in,99,667
1588,like this,276,653
1589,this but,95,354
1590,look at,246,473
1591,turns,151,143
1592,earth,277,361
1593,why does,107,128
1594,must,251,423
1595,want to do,85,393
1596,was the,381,1546
1597,crazy,154,292
1598,about my,133,458
1599,me feel,85,345
1600,lot,1055,3585
1601,it but,262,710
1602,cut,232,233
1603,not really,75,528
1604,what happens,112,160
1605,this to,117,135
1606,at,5441,9354
1607,ll,737,3425
1608,return,119,117
1609,hang out,53,321
1610,in the first,104,182
1611,hang,97,345
1612,position,90,254
1613,study,118,374
1614,to just,98,316
1615,writing,103,194
1616,the wrong,125,203
1617,cup,106,128
1618,total,134,119
1619,too,1021,2088
1620,when,4026,6677
1621,right now,214,466
1622,however,318,676
1623,time,3219,6369
1624,house,826,2107
1625,to go,781,2143
1626,was going,147,1027
1627,me she,42,431
1628,the most,613,1892
1629,and then,440,1786
1630,there are,353,792
1631,don have,298,855
1632,court,155,141
1633,why did,105,122
1634,and think,116,400
1635,close,286,887
1636,youtube,269,511
1637,could be,235,435
1638,find,1249,2315
1639,bernie sanders,114,31
1640,try,753,1341
1641,just wanted,102,292
1642,word,200,706
1643,the room,90,633
1644,you get,228,270
1645,honestly,117,114
1646,he just,59,251
1647,age,188,322
1648,made,1124,2072
1649,all over,106,312
1650,he didn,67,258
1651,cases,41,517
1652,eat,252,437
1653,website,177,229
1654,get,4131,8714
1655,she was,302,3191
1656,mad,85,256
1657,it and,434,1173
1658,so far,112,227
1659,legs,86,254
1660,is the best,143,335
1661,interesting,151,475
1662,right,1066,2253
1663,please,412,827
1664,oc,287,53
1665,the top,200,234
1666,are in,124,444
1667,hi,151,282
1668,was always,28,252
1669,wife,429,1112
1670,most,1243,2662
1671,do you guys,96,301
1672,american,253,421
1673,looking to,115,187
1674,avoid,160,128
1675,bag,129,245
1676,kind,534,1079
1677,middle of,155,403
1678,new york,103,278
1679,any,2079,4659
1680,ve been,574,2877
1681,to show,130,231
1682,they have,212,551
1683,him to,216,544
1684,because he,124,309
1685,are you,195,419
1686,he doesn,70,304
1687,went,678,2112
1688,was trying,57,263
1689,to this,228,418
1690,think the,108,555
1691,for him,85,273
1692,currently,202,476
1693,social,201,316
1694,removed,110,105
1695,plugged,40,257
1696,skyrim,115,6
1697,comment,168,210
1698,to his,121,235
1699,took,480,1090
1700,comes,308,500
1701,child,211,522
1702,part of the,174,296
1703,name,505,856
1704,puppy,109,17
1705,so just,51,321
1706,god,196,608
1707,when was,234,577
1708,changed,124,181
1709,hard,535,1482
1710,be the,389,821
1711,if you re,118,313
1712,write,121,282
1713,could have,123,346
1714,blue,154,153
1715,worried,105,429
1716,after the,184,267
1717,so fucking,15,332
1718,especially,127,241
1719,it as,133,245
1720,home,709,1477
1721,when you,635,561
1722,deal with,174,420
1723,grabbed,24,283
1724,we,4036,15144
1725,in her,111,757
1726,at me,125,553
1727,into the,505,1081
1728,feels,166,317
1729,days,768,733
1730,ago and,151,182
1731,the guy,142,417
1732,thing,1001,2575
1733,be more,132,307
1734,on his,185,316
1735,huge,196,601
1736,because it,211,568
1737,now,2094,4051
1738,doctor,149,271
1739,should be,325,941
1740,have you,110,173
1741,the body,48,406
1742,wall,227,364
1743,don know what,154,1014
1744,friends and,111,477
1745,family,424,1518
1746,would it,122,153
1747,eli5 why,117,203
1748,cum,33,1042
1749,gonna,126,485
1750,only,1767,3568
1751,computer,493,1307
1752,nearly,111,60
1753,light,386,474
1754,wonder,113,170
1755,cmv,158,201
1756,sort,207,411
1757,this in,119,125
1758,car,773,1557
1759,if should,48,301
1760,started,625,2752
1761,house and,87,387
1762,you guys think,56,251
1763,was pretty,51,341
1764,girlfriend and,61,302
1765,have lot,54,432
1766,know how to,184,759
1767,how can,196,349
1768,plan,229,332
1769,co,111,197
1770,hope,198,440
1771,lady,150,156
1772,anyway,139,128
1773,is no,152,270
1774,dick,68,725
1775,make sure,155,289
1776,event,128,259
1777,you were,139,254
1778,fat,108,210
1779,can do,283,673
1780,best way,95,339
1781,is,14189,31044
1782,color,125,108
1783,an old,120,191
1784,for years,113,508
1785,place,653,1728
1786,gotten,120,269
1787,the worst,140,277
1788,me in,153,350
1789,experiences,97,430
1790,universe,214,970
1791,wrong,406,1028
1792,never been,70,518
1793,and it,905,2609
1794,had,2798,11451
1795,again,723,2055
1796,through,791,1284
1797,the great,65,266
1798,women,406,645
1799,lost,287,445
1800,we ve been,27,305
1801,shows,163,324
1802,around the,147,309
1803,go back,125,396
1804,term,122,251
1805,same time,119,227
1806,learn,215,389
1807,whole,330,814
1808,reason,412,877
1809,me he,51,370
1810,it not,258,1536
1811,do that,101,357
1812,beach,110,151
1813,product,165,93
1814,company,316,836
1815,floor,159,279
1816,and her,81,421
1817,high school,137,373
1818,vs,575,389
1819,and she said,28,353
1820,budget,118,74
1821,to be the,137,348
1822,is that,412,993
1823,sense,190,434
1824,character,254,832
1825,down,1077,1788
1826,live,508,1184
1827,make it,208,403
1828,me so,79,277
1829,after,1907,2257
1830,wikimedia,4,273
1831,said,929,4283
1832,save,186,187
1833,keep,668,1157
1834,act,109,191
1835,been with,22,336
1836,fast,153,159
1837,my head,147,354
1838,to put,213,382
1839,wp,161,326
1840,bit,614,1826
1841,closer,61,265
1842,long,909,1828
1843,back,1793,4072
1844,up,4058,6230
1845,lead,118,131
1846,friend,908,3158
1847,thinks,91,303
1848,looking for,424,872
1849,notice,116,162
1850,talking to,122,469
1851,and will,134,290
1852,in and,165,436
1853,is about,87,255
1854,create,131,382
1855,friends with,37,254
1856,knows,186,223
1857,accidentally,107,135
1858,and told,83,490
1859,year,1255,2178
1860,in relationship with,9,306
1861,through the,220,383
1862,but not,248,890
1863,to leave,138,453
1864,russia,122,95
1865,close to,109,288
1866,is so,133,403
1867,think about,152,484
1868,say that,113,546
1869,and is,168,428
1870,am going to,53,271
1871,make the,139,272
1872,characters,108,437
1873,get it,166,488
1874,watching,196,840
1875,making,487,918
1876,to be,2664,7424
1877,you like,125,222
1878,or so,116,175
1879,has been,540,1328
1880,moved,166,528
1881,and when,149,298
1882,asked her,46,262
1883,re going to,55,252
1884,she is,168,1038
1885,am going,63,292
1886,road,197,221
1887,allowed,116,350
1888,just so,42,265
1889,three,302,602
1890,and,28157,74198
1891,the entire,121,334
1892,and said,115,480
1893,german,108,139
1894,english,104,162
1895,song,467,993
1896,number,319,457
1897,my girlfriend,224,1053
1898,two,958,1473
1899,feeling,293,1233
1900,you to,258,461
1901,scene,159,495
1902,absolutely,119,116
1903,this time,106,237
1904,24,104,133
1905,the case,99,333
1906,network,75,284
1907,really want,102,258
1908,my first,297,791
1909,aware,116,379
1910,about her,60,323
1911,him,1945,7063
1912,about the,621,2001
1913,living in,77,252
1914,they had,73,357
1915,the gym,129,182
1916,kill,214,675
1917,florida,350,71
1918,form,176,188
1919,shoes,139,236
1920,doing,704,1901
1921,in it,109,298
1922,up with,381,794
1923,my mother,90,444
1924,ai,24,307
1925,the show,56,543
1926,donald trump,180,103
1927,fit,196,320
1928,tell,757,2521
1929,use,1095,1732
1930,boyfriend,215,1171
1931,yes,190,443
1932,believe that,86,768
1933,step,130,193
1934,our,1097,2824
1935,king,98,330
1936,even though,157,191
1937,why,1924,3859
1938,it on,216,314
1939,guy who,64,324
1940,husband,148,405
1941,for all,136,198
1942,main,154,487
1943,up on,141,200
1944,and feel,138,395
1945,any other,130,275
1946,screen,183,147
1947,political,85,262
1948,we would,57,318
1949,if there,222,384
1950,fake,118,110
1951,group of,99,382
1952,out in,114,153
1953,that would,229,679
1954,that if,146,399
1955,ok,160,484
1956,aita for,5,336
1957,driving,137,273
1958,middle,295,539
1959,tips,148,140
1960,the earth,105,84
1961,that there,186,487
1962,paper,138,185
1963,with,9034,20241
1964,we ve,112,813
1965,does it,175,246
1966,to pay,227,421
1967,https en wikipedia,23,523
1968,popular,128,304
1969,art,122,158
1970,aita,5,449
1971,person,594,2887
1972,at the same,139,239
1973,life,1207,2963
1974,enough to,181,221
1975,etc,179,338
1976,past,426,1006
1977,needs to,110,161
1978,major,135,255
1979,have no idea,157,480
1980,the united states,104,285
1981,and his,150,461
1982,working,440,1153
1983,pay,423,784
1984,add,165,159
1985,is in,231,618
1986,sure if,152,1056
1987,the night,108,579
1988,caught,148,222
1989,print,36,251
1990,doesn,670,1646
1991,married,93,537
1992,start,617,1251
1993,moves,43,358
1994,ann,9,273
1995,fellow,167,130
1996,states,230,411
1997,of what,191,386
1998,we have,297,1224
1999,with an,133,182
2000,to run,106,280
2001,the world,522,1283
2002,is there any,109,91
2003,from my,253,322
2004,isn,367,594
2005,if they,241,531
2006,sexual,112,317
2007,putting,109,121
2008,the government,57,437
2009,are,5022,11579
2010,the middle,235,465
2011,you want to,178,291
2012,have some,74,262
2013,national,143,130
2014,biggest,121,205
2015,have an,172,275
2016,of time,155,305
2017,funny,172,345
2018,advice on,120,236
2019,is my,185,424
2020,all,3818,7257
2021,they,4120,10183
2022,something that,138,369
2023,the best,649,1638
2024,don,3131,12265
2025,canada,159,191
2026,decide,131,196
2027,theory,138,636
2028,make,1861,3839
2029,need to,772,1343
2030,me that,218,703
2031,in,18109,37234
2032,words,154,322
2033,be in,166,612
2034,listen,123,329
2035,summer,148,251
2036,at least,330,373
2037,remove,108,76
2038,not good,52,321
2039,finding,132,175
2040,that,12569,36227
2041,seem to,296,542
2042,would like to,195,328
2043,old,1074,1718
2044,loved,94,509
2045,one who,60,404
2046,service,159,185
2047,he can,104,190
2048,dreams,58,340
2049,little bit,85,322
2050,out with,134,536
2051,outside,339,456
2052,in an,190,311
2053,strong,121,270
2054,up my,116,128
2055,dog,824,543
2056,chicken,121,203
2057,if,5395,11762
2058,reddit,841,1190
2059,experienced,64,263
2060,access,135,164
2061,able,808,2333
2062,over to,90,253
2063,very,1056,5181
2064,why do,221,389
2065,looks,461,267
2066,had no,91,428
2067,sell,126,230
2068,de,39,456
2069,than,1309,2253
2070,re,1204,4599
2071,tired of,79,540
2072,what to do,176,1025
2073,giving,135,190
2074,order,343,415
2075,tifu,144,339
2076,you do,203,313
2077,15,198,268
2078,for long,80,265
2079,train,151,218
2080,if this,257,586
2081,higher,120,114
2082,needed to,98,304
2083,mrw my,120,4
2084,does,1254,1854
2085,idea of,108,366
2086,because don,65,253
2087,sound,199,532
2088,process,143,308
2089,them to,200,361
2090,but still,129,335
2091,other people,104,318
2092,human,527,886
2093,have sex,103,363
2094,she said she,26,288
2095,but have,196,434
2096,even,1331,2730
2097,you have,673,975
2098,kid,242,542
2099,machine,129,320
2100,us,1009,2557
2101,supposed,180,471
2102,tax,106,75
2103,update,146,126
2104,was my,72,317
2105,00100000,124,0
2106,out and,249,588
2107,to get the,135,243
2108,shit,335,797
2109,to give,252,493
2110,with it,143,490
2111,go to,436,1203
2112,drug,127,375
2113,calls,119,198
2114,my phone,115,319
2115,of her,167,626
2116,quite,218,377
2117,student,174,402
2118,trump,722,801
2119,out of the,327,529
2120,for her,130,447
2121,11,181,174
2122,ve never had,12,280
2123,trouble,109,307
2124,are going,93,264
2125,side,447,557
2126,hurt,104,346
2127,it because,100,263
2128,seems like,190,201
2129,bit of,166,580
2130,have,8225,19368
2131,new,2010,3942
2132,friends,751,2846
2133,that will,163,312
2134,dark,205,623
2135,get into,113,263
2136,top,449,732
2137,with me,238,1136
2138,back to the,113,397
2139,help me,219,473
2140,do the,136,330
2141,when he,193,443
2142,think of,162,460
2143,humans,208,354
2144,guess,261,653
2145,behind,237,523
2146,no idea,229,684
2147,pcpartpicker,190,4
2148,this point,130,236
2149,itself,111,238
2150,before,1167,2271
2151,up in,199,360
2152,paid,160,241
2153,and not,271,997
2154,the sound,35,262
2155,goes,331,436
2156,in the same,110,391
2157,it was the,63,293
2158,towards,132,348
2159,but know,54,251
2160,chest,76,262
2161,far,371,586
2162,the middle of,149,400
2163,was not,132,620
2164,attracted,52,311
2165,complete,104,186
2166,male,136,400
2167,often,198,320
2168,win,136,234
2169,work,1393,2501
2170,keeps,108,136
2171,the next,354,910
2172,started to,119,1028
2173,part of,398,720
2174,few days,169,252
2175,got to,93,320
2176,became,105,150
2177,to be able,135,369
2178,government,167,802
2179,market,110,186
2180,every time,201,158
2181,starts,130,297
2182,john,103,317
2183,best way to,82,285
2184,speed,149,113
2185,and it was,129,688
2186,to deal with,79,269
2187,may have,129,158
2188,couldn,285,1104
2189,in my,1089,3022
2190,me,6719,17602
2191,but we,98,527
2192,wake up,113,155
2193,her,3057,15739
2194,and all,156,238
2195,interest,108,171
2196,fact that,167,483
2197,when we,147,431
2198,town,179,431
2199,only thing,75,258
2200,hit,269,301
2201,quality,114,86
2202,and now,264,337
2203,military,117,441
2204,than the,164,267
2205,the only,488,1602
2206,she has,92,562
2207,able to,802,2322
2208,need,1516,2454
2209,jpg,119,402
2210,laptop,174,345
2211,teacher,147,558
2212,die,141,784
2213,by,2461,4460
2214,type,241,467
2215,are all,71,301
2216,to avoid,118,98
2217,health,103,164
2218,hell,141,250
2219,the house,203,758
2220,found,1007,1893
2221,because of,289,515
2222,to get,1774,4243
2223,of that,135,230
2224,proof,80,311
2225,his,2524,6118
2226,that is,376,1222
2227,it would be,195,447
2228,gets,407,654
2229,sure what,95,449
2230,power,387,636
2231,upload wikimedia org,4,273
2232,pass,109,102
2233,to do,1262,3834
2234,situation,215,642
2235,building,215,349
2236,the problem,122,296
2237,is going,214,601
2238,anyone,867,1897
2239,almost,356,549
2240,died,152,342
2241,you and,119,254
2242,and need,108,106
2243,stop,501,1238
2244,have to,1058,2112
2245,meet,181,385
2246,for the,1965,3392
2247,so don,82,252
2248,because the,85,269
2249,fucked,84,471
2250,likely,156,265
2251,over,1513,2816
2252,today,883,642
2253,place to,109,306
2254,that have,200,586
2255,her in,60,265
2256,that people,61,255
2257,to you,164,210
2258,having,678,1876
2259,space,344,387
2260,non,138,183
2261,https en,24,526
2262,possible,353,691
2263,and he,383,2316
2264,do with,226,311
2265,ones,190,413
2266,do this,185,334
2267,happened,443,1208
2268,things that,95,318
2269,hillary,131,66
2270,them and,125,331
2271,up and,316,748
2272,so you,107,145
2273,small,406,1061
2274,working on,83,261
2275,try to,417,741
2276,he is,318,1167
2277,this post,105,106
2278,most of the,104,126
2279,dating,129,628
2280,years ago,281,336
2281,effect,122,89
2282,what you,277,457
2283,city,251,537
2284,that don,104,445
2285,can go,103,130
2286,bitcoin,9,612
2287,he told me,36,267
2288,my dad,252,585
2289,female,157,303
2290,relationship with,53,603
2291,nsfw,192,47
2292,understand,385,1101
2293,asking,256,394
2294,my mind,100,356
2295,and got,149,333
2296,when they,178,351
2297,background,107,149
2298,tell you,88,295
2299,used,723,1307
2300,that can,284,698
2301,and you,276,569
2302,the rest of,161,336
2303,appreciated,85,297
2304,such,375,535
2305,don like,82,557
2306,do not,290,537
2307,weed,103,263
2308,org,68,1393
2309,request,235,193
2310,knowledge,125,205
2311,against,290,620
2312,mother,223,880
2313,sent,172,359
2314,set,358,560
2315,sex,607,1718
2316,worse,123,135
2317,nice,290,826
2318,when the,214,388
2319,and in,92,314
2320,the game,365,360
2321,trying to,1008,2573
2322,but the,256,929
2323,run,366,720
2324,tv,240,359
2325,film,123,1409
2326,my life,325,971
2327,jump,110,20
2328,moves and,2,282
2329,hoping,79,272
2330,to turn,109,166
2331,man who,81,302
2332,last,1038,1811
2333,and saw,76,461
2334,nervous,65,350
2335,haven,302,770
2336,saw,513,1775
2337,porn,177,358
2338,is going to,138,451
2339,kind of,467,947
2340,to stay,94,322
2341,met,171,743
2342,for,12174,21881
2343,probably,344,728
2344,details,104,135
2345,more than,332,526
2346,public,184,306
2347,during,566,465
2348,message,160,261
2349,important,181,627
2350,paying,115,275
2351,exist,92,265
2352,you are,460,1243
2353,great,607,1724
2354,video card,110,26
2355,and he is,30,275
2356,black,475,1050
2357,text,207,253
2358,we were,198,1292
2359,across the,106,70
2360,what,6666,14391
2361,yourself,207,214
2362,and don want,54,324
2363,it seems like,111,167
2364,called,413,880
2365,when she,121,253
2366,is to,179,469
2367,series,162,508
2368,and just,242,860
2369,the end of,237,437
2370,had dream,11,252
2371,so he,112,224
2372,now that,105,145
2373,wants to,214,506
2374,90,107,84
2375,get the,302,482
2376,walk,222,433
2377,idea,624,1662
2378,comfortable,75,262
2379,edit,409,913
2380,year and,108,326
2381,was still,63,472
2382,more,2107,4484
2383,mom,329,1424
2384,gives,103,144
2385,or not,160,496
2386,it would,353,815
2387,from,4197,6608
2388,couple,443,979
2389,and are,127,312
2390,off,1406,2141
2391,and how he,5,295
2392,is what,175,262
2393,happens,243,266
2394,if you have,121,214
2395,idea what,113,339
2396,lpt,251,261
2397,learned,119,205
2398,see what,110,203
2399,page,196,202
2400,you ve,177,386
2401,been able to,84,331
2402,content,109,163
2403,back to,413,1233
2404,bernie,198,50
2405,she told me,29,333
2406,think that,127,1047
2407,hold,207,194
2408,going,1688,6557
2409,the name of,103,135
2410,out the,212,260
2411,this,10498,18097
2412,it was,1346,4927
2413,fuck,235,1146
2414,air,216,217
2415,but you,120,299
2416,in love,64,291
2417,im,219,126
2418,evidence,174,141
2419,as,5090,8944
2420,the title,118,158
2421,it all,166,447
2422,email,119,269
2423,way,1831,3761
2424,not sure what,71,321
2425,trip,155,641
2426,the one,220,845
2427,extra,157,120
2428,your favorite,93,298
2429,reddit com,222,467
2430,late,204,343
2431,first time,386,883
2432,did the,153,255
2433,there is no,106,220
2434,pants,97,388
2435,there any,221,237
2436,travel,121,223
2437,well as,122,187
2438,control,208,441
2439,hmb while,176,0
2440,but this,161,301
2441,like that,121,516
2442,asked me,93,274
2443,shirt,142,376
2444,together for,22,310
2445,suggestions,125,215
2446,pretty,573,2019
2447,watch,350,1090
2448,my own,175,601
2449,really,1780,6785
2450,five,112,118
2451,the bed,38,271
2452,til,465,438
2453,same,1138,2840
2454,the people,254,650
2455,weird,208,738
2456,taking,318,671
2457,others,197,369
2458,last night,168,184
2459,figured,103,163
2460,the computer,65,346
2461,there is,596,1108
2462,hours,429,423
2463,the movie,120,574
2464,www youtube com,83,339
2465,will be,566,1429
2466,discussion,180,313
2467,street,147,254
2468,use the,161,337
2469,clinton,136,73
2470,season,98,434
2471,could feel,5,428
2472,spoilers,67,369
2473,what to,275,1417
2474,this one,149,226
2475,to ask,226,498
2476,not be,187,447
2477,times,559,1011
2478,usually,191,364
2479,pair,130,183
2480,album,112,516
2481,son,212,394
2482,one of my,150,274
2483,not going to,65,584
2484,and went,64,265
2485,water,436,503
2486,eating,133,289
2487,out for,121,173
2488,to me,637,1670
2489,at my,258,529
2490,music,378,902
2491,tried,576,1413
2492,specific,105,171
2493,came,519,1566
2494,the only one,73,319
2495,not sure if,138,913
